id,folder,name,size,collection,client,instagram_url,caption,video_caption
1,Fine China,Fine China,S - Tanya Var.,Geometric Series,,https://www.instagram.com/p/DVB2wEVgB4w/?utm_source=ig_web_copy_link&igsh=MzRlODBiNWFlZA==,"🏺Fine China nail set! This was the first set I ever made!🏺\n\n💅Short Almond, Size S\n\n#nails #nailsart #nailsnailsnails #nailsdesign #nails💅",
2,Mermaid Nails,Mermaid Nails,Custom,,Lena - received,,,
3,Vintage Manuscript,Vintage Manuscript,Custom,,Katrina - received,,,
4,Hungry Catterpillar,Hungry Catterpillar,S - Tanya Var.,,,https://www.instagram.com/reel/DU4G_wSgGW4/?utm_source=ig_web_copy_link&igsh=MzRlODBiNWFlZA==,,"🐛 How I made my Hungry Caterpillar Nail Set! 🐛\n\nDid you know with a matte top coat on a light color you can use watercolor paints straight on the nail? That’s what I did here! One hand is fruits and one is misc foods the caterpillar ate.\n\nBonus: spot Alfie giving me a hand 🤭.\n\n💅 XShort Squoval, Size S\n\n#nailart #nail #hungrycaterpillar #nails💅 #nails"
5,Jeans,Jeans,S - Tanya Var.,,,https://www.instagram.com/reel/DVfBLC6AJQ7/?utm_source=ig_web_copy_link&igsh=MzRlODBiNWFlZA==,,"👖 Nails to match your Canadian tuxedo! 🇨🇦\n\nFun fact: the Jean texture here is a print of my fingerprint!\n\n💅 XShort Squoval, Size S\n\n#nails #jeans #canadiantuxedo #nailart #nailsart"
6,Citrus,Citrus,S - Tanya Var.,,,https://www.instagram.com/p/DZyT3fqgIPV/?utm_source=ig_web_copy_link&igsh=NTc4MTIwNjQ2YQ==,"🍋 When life gives you lemons….. wear them! 🍋💁‍♀️\nJust a fun juicy set for the summer!\n💅 Short Almond, Size S\n📷 @seanxiaf488 \n#summervibes☀️ #citrus #nailart #nailartist #pressonnails",
7,Red Velvet,Red Velvet,S - Tanya Var.,,,https://www.instagram.com/p/DU7fwgegK9-/?utm_source=ig_web_copy_link&igsh=MzRlODBiNWFlZA==,"♥️ Velvet cabaret nails for Valentine’s Day!♥️\n\n💅Short Almond, Size S\n\n#valentinesnails #nailsart #nails💅 #nailsinspiration #naildesign",
8,No,Sweaters,S - Tanya Var.,Winter Season,,https://www.instagram.com/p/DVEhCZpjr7j/?utm_source=ig_web_copy_link&igsh=MzRlODBiNWFlZA==,"👕 In honor of the snowstorm later today…. sweater nails! 👕\n\nThis set was really challenging as I was trying a lot of new techniques.\n\n💅XShort Squoval, Size S\n\n#nails💅 #nails #nailart #nailsart #nailsnailsnails",
9,Winter Ice,Winter Ice,S - Tanya Var.,Winter Season,,https://www.instagram.com/p/DU2SqOkABmB/?utm_source=ig_web_copy_link&igsh=MzRlODBiNWFlZA==,"❄️ Nails inspired by the recent snowstorms! ☃️\n\n💅Short Almond, Size S\n\n#nailart #nailsinspiration #nail #nails #nails💅",
10,Shadow Figures,Shadow Figures,S - Tanya Var.,Spooky Season,,,,
11,Bridgerton,Bridgerton,S - Tanya Var.,Media Inspired,,https://www.instagram.com/reel/DVP0M3pgP2h/?utm_source=ig_web_copy_link&igsh=MzRlODBiNWFlZA==,,"🐝 “Dearest gentle reader…” 🐝\n#In honor of the S2 wrapping up, here is my rendition of the Bridgerton nails! Complete with Sophie’s mask and inspired by the version by the Pamper Nail Gallery.\n💅 Short Almond, Size S\n#nails #bridgerton #bridgertonseason2 #nailsart nailsdesign"
12,Secret Garden,Secret Garden,S - Tanya Var.,Media Inspired,,https://www.instagram.com/p/Ddk0rZ6AAjV/?img_index=1,"🗝️ “If you look the right way, you can see that the whole world is a garden.” 🌿\n—Frances Hodgson Burnett, The Secret Garden\nThis set was inspired by The Secret Garden, so it features a lock and key, as well as statues, swings, arches, and of course flowers.\n💅 Short Coffin, Size S\n📸 @seanxiaf488\n\n#thesecretgarden #bookishnails #nails #nailart #naildesign",
13,Porcelain Statues ,Porcelain Statues,S - Tanya Var.,Museum Feature,,,,
14,Love Letter,Love Letter,S - Tanya Var.,,,,,
15,In Full Bloom,In Bloom,S - Tanya Var.,Museum Feature,,https://www.instagram.com/p/Da_Xw6cFfqA/?utm_source=ig_web_copy_link&igsh=MzRlODBiNWFlZA==,"💐“Florals? Groundbreaking”💐 \n- Miranda Priestly \nThrowback to when this set was painted live at @mfaboston’s In Full Bloom event where florists are challenged to make arrangements inspired by the artworks. As someone who saw the processes said, “it’s art inspired by art, inspired by art!”\n💅Short Almond, Size S\n📸 @seanxiaf488\n#flowernails #flowers #flowerarrangements #nails #nailart",
16,Peterson Museum,Petersen Museum,S - Tanya Var.,Museum Feature,,https://www.instagram.com/p/DZokp3IAOrk/?utm_source=ig_web_copy_link&igsh=MzRlODBiNWFlZA==,"🚙 A nail set for the journey 🚗\nWhile visiting the @petersenmuseum , I painted this nail set on site! Big challenge to capture all the details on such tiny canvases.\n💅Short Coffin, Size S\n📷 @seanxiaf488\n#nails #car #art #nailart #vintagecar",
17,Herrington Gardens,Herrington Gardens,S - Tanya Var.,,,,"Nails painted on-site of the beautiful @herrigntongardens. What better way to enjoy a botanical garden visit than to memorialize it on nails for later?\n💅Short Coffin, Size S\n#nails #flowers #art #nailart #garden",
18,Maine,Maine,S - Tanya Var.,,,,,
19,Groovy Waves,Groovy Waves,M,,,,,
20,Monet Lillies,Money Lillies,S,Artist Feature,,,,
21,Japanese Art,Japanese Art,S,Museum Feature,,,,
22,Tennis,Tennis,M - Mama,,,https://www.instagram.com/p/DdOrFf2lbTr/?img_index=1\n\nhttps://www.instagram.com/p/DcpUpFmMzxV/,"🎾 Match point for the US Open 🎾\n\nAfter visiting the @tennishallofame in Newport yesterday, it just felt right to take another look at how tennis shapes fashion, or in this case - nails!\n\n💅 XShort Oval, Size S\n\n📷 @katieart30 \n\n#USOpen #TennisNails #NailArt #SportsNails #nails","🎾 Serving a fresh set for the US Open 🎾\n💅XShort Oval, Size S\n\n📷 @seanxiaf488\n\n#USOpen #TennisNails #NailArt #SportsNails #NailInspo"
23,Tiger in Lillypads,Tiger in Lillypads,Keychain,,Annette - received,,"A custom keychain for @annetteychan’s birthday! She requested it be themed around the tiger as it is her zodiac, and it delivered!\n\nThe nail keychain features a NFC chip within the layers of gel, allowing Annette to program it to link to anything she wants - such as a song or a website - just by tapping her keychain.",
24,Everdell,Everdell,S - Tanya Var.,Media Inspired,,,,
25,Dave the Diver,Dave the Diver,Custom,Media Inspired,Shengnan - received,https://www.instagram.com/p/DdwLDRogJ9r/,"A custom set for @shengnan! As an avid @DavetheDiver player, she requested a set themed around this fishing and cooking game. \n\nFeaturing some heat-reactive glitter, this set is perfect for the summer!\n\n💅XShort Squoval, Custom Size\n\n#davethediver #mintrocket #videogame #nails","A little nail art, all packed up and ready for its new home with 💌✨\n💅XShort Squoval, Custom Size\n\n#davethediver #mintrocket #PressOnNails #HandPaintedNails #NailArt\n"
26,Dinosaurs at ROM,Dinosaurs at ROM,S,Museum Feature,,,,"🦖 Come to the @ROM to paint some fossil nails with me! 🦕\n\n\n\n💅Short Coffin, Size S\n\n📷 @seanxiaf488\n\n#dinosaur #museum #PressOnNails #HandPaintedNails #NailArt"
27,Matcha Coffee,Matcha Coffee,M,,,,,
28,Malachite,Malachite,S,,,,,
29,Colorful Blobs,Colorful Blobs,CL,,,,,
30,Matcha,Matcha,Keychain,,,,,
31,Boba,Boba,Keychain,,,,,
32,Coffee,Coffee,Keychain,,,,,
33,Sealife,Sealife,Custom,,Raluca,,,
34,Neon Desert,Neon Desert,S,,,,,
35,Leclerc,Leclerc,Keychain,,Sean,,,
36,Devil Wears Prada,Devil Wears Prada,S - Tanya Var.,Media Inspired,,,,
37,Glass,Glass,S - Tanya Var.,,,,,
38,Strawberries,Strawberries,Custom,,Francesca,,,
39,F1,F1,Keychain,,Bill,,,
